Workbook

Sheet Dim_Teams
A2: Continent | B2: Asia
A4: Team | B4: Continent
A5: Algeria | B5: Africa | D5: Continents | E5: Counts | F5: percentage
A6: Argentina | B6: South America | D6: Europe | E6: 16 | F6: =Table3[[#This Row],[Counts]]/$E$12 -> 0.33333333
A7: Australia | B7: Oceania | D7: Africa | E7: 10 | F7: =Table3[[#This Row],[Counts]]/$E$12 -> 0.20833333
A8: Austria | B8: Europe | D8: Asia | E8: 8 | F8: =Table3[[#This Row],[Counts]]/$E$12 -> 0.16666667
A9: Belgium | B9: Europe | D9: South America | E9: 6 | F9: =Table3[[#This Row],[Counts]]/$E$12 -> 0.125
A10: Bosnia and Herzegovina | B10: Europe | D10: North America | E10: 6 | F10: =Table3[[#This Row],[Counts]]/$E$12 -> 0.125
A11: Brazil | B11: South America | D11: Oceania | E11: 2 | F11: =Table3[[#This Row],[Counts]]/$E$12 -> 0.041666667
A12: Canada | B12: North America | D12: total | E12: =SUBTOTAL(109,E6:E11) -> 48
A13: Cape Verde | B13: Africa
A14: Colombia | B14: South America
A15: Croatia | B15: Europe
A16: Curacao | B16: North America
A17: Czechia | B17: Europe
A18: DR Congo | B18: Africa
A19: Ecuador | B19: South America
A20: Egypt | B20: Africa
A21: England | B21: Europe
A22: France | B22: Europe
A23: Germany | B23: Europe
A24: Ghana | B24: Africa
... A52: Uzbekistan | B52: Asia

Sheet Dim_Ranking
A1: Teams | B1: FIFA Ranking
A2: Argentina | B2: 1
A3: Spain | B3: 2
A4: France | B4: 3
A5: England | B5: 4
A6: Portugal | B6: 5
A7: Brazil | B7: 6
A8: Morocco | B8: 7
A9: Netherlands | B9: 8
A10: Belgium | B10: 9
A11: Germany | B11: 10
A12: Croatia | B12: 11
A13: Colombia | B13: 13
... A49: New Zealand | B49: 85

Sheet Fact_Matches
A1: Match_ID | B1: Category | C1: Home_Team | D1: Away_Team | E1: Home_Goals | F1: Away_Goals
A2: 1 | B2: Group Stage | C2: Mexico | D2: South Africa | E2: 2 | F2: 0
A3: 2 | B3: Group Stage | C3: South Korea | D3: Czechia | E3: 2 | F3: 1
A4: 3 | B4: Group Stage | C4: Canada | D4: Bosnia and Herzegovina | E4: 1 | F4: 1
A5: 4 | B5: Group Stage | C5: United States | D5: Paraguay | E5: 4 | F5: 1
A6: 5 | B6: Group Stage | C6: Qatar | D6: Switzerland | E6: 1 | F6: 1
A7: 6 | B7: Group Stage | C7: Brazil | D7: Morocco | E7: 1 | F7: 1
A8: 7 | B8: Group Stage | C8: Haiti | D8: Scotland | E8: 0 | F8: 1
A9: 8 | B9: Group Stage | C9: Australia | D9: Turkey | E9: 2 | F9: 0
A10: 9 | B10: Group Stage | C10: Germany | D10: Curacao | E10: 7 | F10: 1
A11: 10 | B11: Group Stage | C11: Netherlands | D11: Japan | E11: 2 | F11: 2
A12: 11 | B12: Group Stage | C12: Ivory Coast | D12: Ecuador | E12: 1 | F12: 0
A13: 12 | B13: Group Stage | C13: Sweden | D13: Tunisia | E13: 5 | F13: 1
... A92: 91 | B92: Round Of 16 | C92: Brazil | D92: Norway | E92: 1 | F92: 2
A93: 92 | B93: Round Of 16 | C93: Mexico | D93: England
A94: 93 | B94: Round Of 16 | C94: Portugal | D94: Spain
A95: 94 | B95: Round Of 16 | C95: Argentina | D95: Egypt
A96: 95 | B96: Round Of 16 | C96: Switzerland | D96: Colombia
A97: 96 | B97: Round Of 16 | C97: United States | D97: Belgium
A98: 97 | B98: Quarter Final
A99: 98 | B99: Quarter Final
A100: 99 | B100: Quarter Final
A101: 100 | B101: Quarter Final
A102: 101 | B102: Semi Final
A103: 102 | B103: Semi Final
A104: 103 | B104: Third Place
A105: 104 | B105: Final

Sheet Dim_Group
B2: Teams | C2: Group | D2: Goals | E2: Fifa Ranking
B3: Czechia | C3: A | D3: =SUM(SUMIF(Fact_Matches!$C$2:$C$73,Table8[[#This Row],[Teams]],Fact_Matches!$E$2:$E$73),SUMIF(Fact_Matches!$D$2:$D$73,Table8[[#This Row],[Teams]],Fact_Matches!$F$2:$F$73)) -> 2 | E3: 40
B4: Mexico | C4: A | D4: =SUM(SUMIF(Fact_Matches!$C$2:$C$73,Table8[[#This Row],[Teams]],Fact_Matches!$E$2:$E$73),SUMIF(Fact_Matches!$D$2:$D$73,Table8[[#This Row],[Teams]],Fact_Matches!$F$2:$F$73)) -> 6 | E4: 14
B5: South Africa | C5: A | D5: =SUM(SUMIF(Fact_Matches!$C$2:$C$73,Table8[[#This Row],[Teams]],Fact_Matches!$E$2:$E$73),SUMIF(Fact_Matches!$D$2:$D$73,Table8[[#This Row],[Teams]],Fact_Matches!$F$2:$F$73)) -> 2 | E5: 60
B6: South Korea | C6: A | D6: =SUM(SUMIF(Fact_Matches!$C$2:$C$73,Table8[[#This Row],[Teams]],Fact_Matches!$E$2:$E$73),SUMIF(Fact_Matches!$D$2:$D$73,Table8[[#This Row],[Teams]],Fact_Matches!$F$2:$F$73)) -> 2 | E6: 25
B7: Bosnia and Herzegovina | C7: B | D7: =SUM(SUMIF(Fact_Matches!$C$2:$C$73,Table8[[#This Row],[Teams]],Fact_Matches!$E$2:$E$73),SUMIF(Fact_Matches!$D$2:$D$73,Table8[[#This Row],[Teams]],Fact_Matches!$F$2:$F$73)) -> 5 | E7: 64
B8: Canada | C8: B | D8: =SUM(SUMIF(Fact_Matches!$C$2:$C$73,Table8[[#This Row],[Teams]],Fact_Matches!$E$2:$E$73),SUMIF(Fact_Matches!$D$2:$D$73,Table8[[#This Row],[Teams]],Fact_Matches!$F$2:$F$73)) -> 8 | E8: 30
B9: Qatar | C9: B | D9: =SUM(SUMIF(Fact_Matches!$C$2:$C$73,Table8[[#This Row],[Teams]],Fact_Matches!$E$2:$E$73),SUMIF(Fact_Matches!$D$2:$D$73,Table8[[#This Row],[Teams]],Fact_Matches!$F$2:$F$73)) -> 2 | E9: 56
B10: Switzerland | C10: B | D10: =SUM(SUMIF(Fact_Matches!$C$2:$C$73,Table8[[#This Row],[Teams]],Fact_Matches!$E$2:$E$73),SUMIF(Fact_Matches!$D$2:$D$73,Table8[[#This Row],[Teams]],Fact_Matches!$F$2:$F$73)) -> 7 | E10: 19
B11: Brazil | C11: C | D11: =SUM(SUMIF(Fact_Matches!$C$2:$C$73,Table8[[#This Row],[Teams]],Fact_Matches!$E$2:$E$73),SUMIF(Fact_Matches!$D$2:$D$73,Table8[[#This Row],[Teams]],Fact_Matches!$F$2:$F$73)) -> 7 | E11: 6
B12: Haiti | C12: C | D12: =SUM(SUMIF(Fact_Matches!$C$2:$C$73,Table8[[#This Row],[Teams]],Fact_Matches!$E$2:$E$73),SUMIF(Fact_Matches!$D$2:$D$73,Table8[[#This Row],[Teams]],Fact_Matches!$F$2:$F$73)) -> 2 | E12: 83
B13: Morocco | C13: C | D13: =SUM(SUMIF(Fact_Matches!$C$2:$C$73,Table8[[#This Row],[Teams]],Fact_Matches!$E$2:$E$73),SUMIF(Fact_Matches!$D$2:$D$73,Table8[[#This Row],[Teams]],Fact_Matches!$F$2:$F$73)) -> 6 | E13: 7
B14: Scotland | C14: C | D14: =SUM(SUMIF(Fact_Matches!$C$2:$C$73,Table8[[#This Row],[Teams]],Fact_Matches!$E$2:$E$73),SUMIF(Fact_Matches!$D$2:$D$73,Table8[[#This Row],[Teams]],Fact_Matches!$F$2:$F$73)) -> 1 | E14: 42
... B50: Panama | C50: L | D50: =SUM(SUMIF(Fact_Matches!$C$2:$C$73,Table8[[#This Row],[Teams]],Fact_Matches!$E$2:$E$73),SUMIF(Fact_Matches!$D$2:$D$73,Table8[[#This Row],[Teams]],Fact_Matches!$F$2:$F$73)) -> 0 | E50: 34
